dataset,subtask,set,num_of_retained_feature,num_of_compounds,postives,negtives,negtives/postives,C,gamma,tn,fp,fn,tp,se,sp,auc_prc,acc,auc_roc,recall,precision,f1,kappa,mcc
1-AR-AlvaSlim-DMPNN-6108-Normalize-group.csv,activity,tr,1808,6108,942,4005,4.251592356687898,26.599199197095547,0.0035123005338097758,4005,0,0,942,1.0,1.0,0.9999999999999999,1.0,1.0,1.0,1.0,1.0,1.0,1.0
1-AR-AlvaSlim-DMPNN-6108-Normalize-group.csv,activity,va,1808,6108,105,445,4.238095238095238,26.599199197095547,0.0035123005338097758,440,5,34,71,0.6761904761904762,0.9887640449438202,0.8760033062555446,0.9290909090909091,0.9514392723381487,0.6761904761904762,0.9342105263157895,0.7845303867403315,0.7433903576982892,0.757304663541117
1-AR-AlvaSlim-DMPNN-6108-Normalize-group.csv,activity,te,1808,6108,119,492,4.1344537815126055,26.599199197095547,0.0035123005338097758,484,8,45,74,0.6218487394957983,0.983739837398374,0.8288810394978432,0.9132569558101473,0.9278882284621166,0.6218487394957983,0.9024390243902439,0.7363184079601991,0.6864998305823128,0.7035564427827382
