dataset,subtask,set,num_of_retained_feature,num_of_compounds,postives,negtives,negtives/postives,num_leaves,learning_rate,n_estimators,min_split_gain,reg_alpha,reg_lambda,feature_fraction,bagging_fraction,bagging_freq,min_child_samples,tn,fp,fn,tp,se,sp,auc_prc,acc,auc_roc,recall,precision,f1,kappa,mcc
1-AR-AlvaSlim-DMPNN-6108-Normalize-group.csv,activity,tr,1808,6108,942,4005,4.251592356687898,151,0.11432726162655915,96,0.5333973136677466,1.9744122391871521,4.864200392956543,0.940506078853688,0.8891219965439269,3,56,4005,0,52,890,0.9447983014861996,1.0,0.9990901946451081,0.9894885789367294,0.9997696615960411,0.9447983014861996,1.0,0.9716157205240175,0.9651720843785336,0.9657579864558772
1-AR-AlvaSlim-DMPNN-6108-Normalize-group.csv,activity,va,1808,6108,105,445,4.238095238095238,151,0.11432726162655915,96,0.5333973136677466,1.9744122391871521,4.864200392956543,0.940506078853688,0.8891219965439269,3,56,431,14,37,68,0.6476190476190476,0.9685393258426966,0.8533094225041078,0.9072727272727272,0.948550026752274,0.6476190476190476,0.8292682926829268,0.7272727272727273,0.6724278874226323,0.6798876574135186
1-AR-AlvaSlim-DMPNN-6108-Normalize-group.csv,activity,te,1808,6108,119,492,4.1344537815126055,151,0.11432726162655915,96,0.5333973136677466,1.9744122391871521,4.864200392956543,0.940506078853688,0.8891219965439269,3,56,480,12,43,76,0.6386554621848739,0.975609756097561,0.8300736049640411,0.9099836333878887,0.931099268975883,0.6386554621848739,0.8636363636363636,0.7342995169082125,0.6815687983853391,0.6928189793532218
