dataset,subtask,set,num_of_retained_feature,num_of_compounds,postives,negtives,negtives/postives,n_estimators,max_depth,min_child_weight,learning_rate,gamma,subsample,colsample_bytree,reg_alpha,reg_lambda,tn,fp,fn,tp,se,sp,auc_prc,acc,auc_roc,recall,precision,f1,kappa,mcc
1-AR-AlvaSlim-DMPNN-6108-Normalize-group.csv,activity,tr,1808,6108,942,4005,4.251592356687898,254,9,2,0.19536761267623814,0.0624329008596677,0.8032229210280446,0.9957485517042489,1.9397199378567929,9.012995322677716,4005,0,0,942,1.0,1.0,0.9999999999999999,1.0,1.0,1.0,1.0,1.0,1.0,1.0
1-AR-AlvaSlim-DMPNN-6108-Normalize-group.csv,activity,va,1808,6108,105,445,4.238095238095238,254,9,2,0.19536761267623814,0.0624329008596677,0.8032229210280446,0.9957485517042489,1.9397199378567929,9.012995322677716,431,14,38,67,0.638095238095238,0.9685393258426966,0.8549220765501281,0.9054545454545454,0.9530016051364365,0.638095238095238,0.8271604938271605,0.7204301075268816,0.6646734669949583,0.6727796947722
1-AR-AlvaSlim-DMPNN-6108-Normalize-group.csv,activity,te,1808,6108,119,492,4.1344537815126055,254,9,2,0.19536761267623814,0.0624329008596677,0.8032229210280446,0.9957485517042489,1.9397199378567929,9.012995322677716,482,10,46,73,0.6134453781512605,0.9796747967479674,0.8408245166765975,0.9083469721767594,0.9319874291179887,0.6134453781512605,0.8795180722891566,0.7227722772277227,0.6699463672492958,0.6855556609732067
