dataset,subtask,set,num_of_retained_feature,num_of_compounds,postives,negtives,negtives/postives,n_estimators,max_depth,min_samples_leaf,min_impurity_decrease,max_features,tn,fp,fn,tp,se,sp,auc_prc,acc,auc_roc,recall,precision,f1,kappa,mcc
1-AR-Alva-6108-slim-Normalize-group.csv,activity,tr,1508,6108,942,4005,4.251592356687898,100,11,5,0.0005571302466725758,0.7,3997,8,221,721,0.7653927813163482,0.9980024968789014,0.9749977343556533,0.9537093187790581,0.9896952058334725,0.7653927813163482,0.9890260631001372,0.8629563135846798,0.835650248708799,0.8455886191643462
1-AR-Alva-6108-slim-Normalize-group.csv,activity,va,1508,6108,105,445,4.238095238095238,100,11,5,0.0005571302466725758,0.7,436,9,45,60,0.5714285714285714,0.9797752808988764,0.8396996845197081,0.9018181818181819,0.9348956661316212,0.5714285714285714,0.8695652173913043,0.689655172413793,0.634281492427041,0.6540181723038124
1-AR-Alva-6108-slim-Normalize-group.csv,activity,te,1508,6108,119,492,4.1344537815126055,100,11,5,0.0005571302466725758,0.7,485,7,51,68,0.5714285714285714,0.9857723577235772,0.8359561573897136,0.9050736497545008,0.9340028694404591,0.5714285714285714,0.9066666666666666,0.7010309278350516,0.6480274919550276,0.6724420097753486
