model: AttentiveFP,Train,Tr_STD,Validation,Va_STD,Test,Te_STD
acc,0.9112975849365534,0.010104469197292092,0.8973770491803279,0.010729880768494134,0.901470588235294,0.010309667682579963
auc_roc,0.9423725189554457,0.012578015710477619,0.9254545482083204,0.017949662541748446,0.9224090189706734,0.01400951290171017
recall,0.674678218297957,0.030665965713074027,0.6435211718173585,0.05504547228868143,0.6515258293114241,0.06243494223432059
precision,0.8338100413514912,0.051738906961463445,0.7949871382291515,0.06167861487903866,0.7858696378182404,0.058621696841234534
f1,0.744350988987747,0.02223680103960688,0.7074953367476249,0.028724484328652086,0.7096279009706,0.042579776756987396
kappa,0.6914511210523689,0.02825879565409515,0.6463350183211458,0.032065845237844545,0.6511407854774959,0.0475998034988532
mcc,0.6980806387998331,0.030044288066888605,0.6540828311767135,0.03099693672953206,0.657073768184198,0.0467691081922265
auc_prc,0.8526733207814663,0.02908190616669226,0.8174164422687017,0.0443988751853921,0.810933076973577,0.03185789168155832
